{"stats":{"minecraft:used":{"minecraft:dirt":2,"minecraft:poppy":1,"minecraft:cherry_log":1},"minecraft:killed":{"minecraft:pig":1},"minecraft:custom":{"minecraft:time_since_rest":1405,"minecraft:deaths":1,"minecraft:play_time":3589,"minecraft:sprint_one_cm":12710,"minecraft:damage_taken":20,"minecraft:walk_one_cm":5423,"minecraft:sneak_time":1,"minecraft:mob_kills":1,"minecraft:jump":84,"minecraft:damage_dealt":90,"minecraft:leave_game":1,"minecraft:time_since_death":1362,"minecraft:total_world_time":3589,"minecraft:fall_one_cm":1777,"minecraft:fly_one_cm":8777},"minecraft:picked_up":{"minecraft:pink_petals":18,"minecraft:wheat_seeds":2,"minecraft:porkchop":3,"minecraft:cherry_log":1,"minecraft:poppy":1,"minecraft:dirt":2},"minecraft:mined":{"minecraft:pink_petals":6,"minecraft:short_grass":18,"minecraft:grass_block":1,"minecraft:poppy":1,"minecraft:dirt":1,"minecraft:tall_grass":3,"minecraft:cherry_log":1,"minecraft:powder_snow":1}},"DataVersion":3700}